-- phpMyAdmin SQL Dump
-- version phpStudy 2014
-- http://www.phpmyadmin.net
--
-- 主机: localhost
-- 生成日期: 
-- 服务器版本: 5.5.53
-- PHP 版本: 7.2.1

SET SQL_MODE="NO_AUTO_VALUE_ON_ZERO";
SET time_zone = "+00:00";


/*!40101 SET @OLD_CHARACTER_SET_CLIENT=@@CHARACTER_SET_CLIENT */;
/*!40101 SET @OLD_CHARACTER_SET_RESULTS=@@CHARACTER_SET_RESULTS */;
/*!40101 SET @OLD_COLLATION_CONNECTION=@@COLLATION_CONNECTION */;
/*!40101 SET NAMES utf8 */;

--
-- 数据库: `report`
--

-- --------------------------------------------------------

--
-- 表的结构 `access_token`
--

CREATE TABLE IF NOT EXISTS `access_token` (
  `id` int(10) unsigned NOT NULL AUTO_INCREMENT,
  `access_token` varchar(100) NOT NULL COMMENT 'access_token',
  `status` int(11) NOT NULL COMMENT '有无权限',
  PRIMARY KEY (`id`)
) ENGINE=InnoDB  DEFAULT CHARSET=utf8mb4 AUTO_INCREMENT=3 ;

--
-- 转存表中的数据 `access_token`
--

INSERT INTO `access_token` (`id`, `access_token`, `status`) VALUES
(1, 'cabd7e83a4b63dc8b894da0ddf984a4f', 0),
(2, '6edf29ae255730a3a9b556bdf7d10f67', 1);

-- --------------------------------------------------------

--
-- 表的结构 `pjournal`
--

CREATE TABLE IF NOT EXISTS `pjournal` (
  `id` bigint(20) unsigned NOT NULL AUTO_INCREMENT COMMENT '日志id',
  `title` varchar(255) NOT NULL COMMENT '计划任务',
  `complete` varchar(100) DEFAULT NULL COMMENT '计划输出物',
  `timestart` varchar(10) NOT NULL COMMENT '计划开始时间',
  `timend` varchar(10) NOT NULL COMMENT '计划结束时间',
  `priority` varchar(2) NOT NULL COMMENT '计划优先级',
  `complate` varchar(6) NOT NULL COMMENT '计划完成度',
  `charge` varchar(6) DEFAULT NULL COMMENT '计划负责人',
  `partake` varchar(60) DEFAULT NULL COMMENT '计划参与人',
  `check` varchar(15) DEFAULT NULL COMMENT '计划核查人',
  `remark` text COMMENT '计划问题备注',
  `create_times` varchar(18) NOT NULL COMMENT '钉钉发布时间',
  `create_time` timestamp NOT NULL DEFAULT CURRENT_TIMESTAMP COMMENT '创建时间',
  `unix_time` bigint(20) NOT NULL COMMENT 'unix时间',
  PRIMARY KEY (`id`)
) ENGINE=InnoDB  DEFAULT CHARSET=utf8mb4 AUTO_INCREMENT=103 ;

--
-- 转存表中的数据 `pjournal`
--

INSERT INTO `pjournal` (`id`, `title`, `complete`, `timestart`, `timend`, `priority`, `complate`, `charge`, `partake`, `check`, `remark`, `create_times`, `create_time`, `unix_time`) VALUES
(1, '北京盛世400号码预占    及费用缴纳\r\n圆心园400电话号码选号 资料已发送 \r\n新支点400剩余资料已提交\r\n百度商标授权盖章\r\n仓库东西装箱\r\n日常发帖整理', '', '', '', 'A', '', '曹嘉兴', '', '', '', '2018-09-11 17:32:2', '2018-10-18 03:31:21', 1536658346),
(2, '', '', '', '', 'A', '', '曹嘉兴', '', '', '', '2018-09-11 17:32:2', '2018-10-18 03:31:21', 1536658346),
(3, '', '', '', '', 'A', '', '曹嘉兴', '', '', '', '2018-09-11 17:32:2', '2018-10-18 03:31:21', 1536658346),
(4, '北京盛世400号码预占 及费用缴纳\r\n圆心园400电话号码选号 资料已发送 \r\n新支点400剩余资料已提交\r\n百度商标授权盖章\r\n仓库东西装箱\r\n日常发帖整理', '', '', '', 'A', '', '曹嘉兴', '', '', '', '2018-09-11 17:59:3', '2018-10-18 03:31:21', 1536659970),
(5, '', '', '', '', 'A', '', '曹嘉兴', '', '', '', '2018-09-11 17:59:3', '2018-10-18 03:31:21', 1536659970),
(6, '', '', '', '', 'A', '', '曹嘉兴', '', '', '', '2018-09-11 17:59:3', '2018-10-18 03:31:21', 1536659970),
(7, 'U88  cyjm下25个域名备案整理，已发送u88\r\n\r\n大榕树400已开通，等待绑定员工手机号\r\n\r\n北京中科源冠400实名审核已通过， 款项已打      合同制定完成，已经发送对接人等待盖章签字', '', '', '', 'A', '', '曹嘉兴', '', '', '', '2018-09-12 17:49:3', '2018-10-18 03:31:21', 1536745778),
(8, '', '', '', '', 'A', '', '曹嘉兴', '', '', '', '2018-09-12 17:49:3', '2018-10-18 03:31:21', 1536745778),
(9, '', '', '', '', 'A', '', '曹嘉兴', '', '', '', '2018-09-12 17:49:3', '2018-10-18 03:31:22', 1536745778),
(10, 'U88 9月域名续费    及报销\r\n大榕树彩铃开通，录制，缴费\r\n北京中科源冠400报销\r\n固话缴费', '', '', '', 'A', '', '曹嘉兴', '', '', '', '2018-09-13 18:09:5', '2018-10-18 03:31:22', 1536833392),
(11, '宽带及固话移机', '', '', '', 'A', '', '曹嘉兴', '', '', '', '2018-09-13 18:09:5', '2018-10-18 03:31:22', 1536833392),
(12, '', '', '', '', 'A', '', '曹嘉兴', '', '', '', '2018-09-13 18:09:5', '2018-10-18 03:31:22', 1536833392),
(13, '搬家\r\n显示器搬运\r\n新公司网线整理6个摄像头安装布线\r\n打印机安装   连接\r\n范总办公室网络布线，加摄像头管理安装\r\n财务布线   \r\n人资布线 \r\n前台音响连接\r\n前台打印机连接', '', '', '', 'A', '', '曹嘉兴', '', '', '', '2018-09-15 19:05:2', '2018-10-18 03:31:22', 1537009522),
(14, '联通宽带移机，说的明天来测线', '', '', '', 'A', '', '曹嘉兴', '', '', '', '2018-09-15 19:05:2', '2018-10-18 03:31:22', 1537009522),
(15, '', '', '', '', 'A', '', '曹嘉兴', '', '', '', '2018-09-15 19:05:2', '2018-10-18 03:31:22', 1537009522),
(16, '北京中科源冠   400审核通过    更换员工手机号，更换授权书\r\n推广部门连接打印机，\r\n推广部门接触不良网线头更换', '', '', '', 'A', '', '曹嘉兴', '', '', '', '2018-09-17 08:08:0', '2018-10-18 03:31:22', 1537142888),
(17, '', '', '', '', 'A', '', '曹嘉兴', '', '', '', '2018-09-17 08:08:0', '2018-10-18 03:31:22', 1537142888),
(18, '', '', '', '', 'A', '', '曹嘉兴', '', '', '', '2018-09-17 08:08:0', '2018-10-18 03:31:22', 1537142888),
(19, '催联通客户经理赶紧提交工单，让赶紧来移机\r\n联系大榕树合同邮寄\r\n北京中科源冠   开收据\r\n固话费报销', '', '', '', 'A', '', '曹嘉兴', '', '', '', '2018-09-18 08:39:3', '2018-10-18 03:31:22', 1537231176),
(20, '', '', '', '', 'A', '', '曹嘉兴', '', '', '', '2018-09-18 08:39:3', '2018-10-18 03:31:22', 1537231176),
(21, '', '', '', '', 'A', '', '曹嘉兴', '', '', '', '2018-09-18 08:39:3', '2018-10-18 03:31:22', 1537231176),
(22, '圆心园   彩铃打款\r\n圆心园及新支点400报销\r\n阿里云锦尚主体下所有域名更改主体备案资料\r\njianbing517.com域名购买，及备案资料整理\r\n锦尚主体下没用域名注销备案', '', '', '', 'A', '', '曹嘉兴', '', '', '', '2018-09-19 08:44:2', '2018-10-18 03:31:22', 1537317864),
(23, '', '', '', '', 'A', '', '曹嘉兴', '', '', '', '2018-09-19 08:44:2', '2018-10-18 03:31:22', 1537317864),
(24, '', '', '', '', 'A', '', '曹嘉兴', '', '', '', '2018-09-19 08:44:2', '2018-10-18 03:31:22', 1537317864),
(25, '北京u88  400选号   加打款\r\nJianbing517域名备案资料准备   盖章\r\n联通宽带移机营业厅办理，缴费\r\n瓦罐主体变更，加主体下所有域名资料修改，等待最新营业执照，加盖章', '', '', '', 'A', '', '曹嘉兴', '', '', '', '2018-09-20 17:43:2', '2018-10-18 03:31:22', 1537436601),
(26, '', '', '', '', 'A', '', '曹嘉兴', '', '', '', '2018-09-20 17:43:2', '2018-10-18 03:31:22', 1537436601),
(27, '', '', '', '', 'A', '', '曹嘉兴', '', '', '', '2018-09-20 17:43:2', '2018-10-18 03:31:22', 1537436601),
(29, '', '', '', '', 'A', '', '曹嘉兴', '', '', '', '2018-09-21 22:15:3', '2018-10-18 03:31:23', 1537539339),
(30, '', '', '', '', 'A', '', '曹嘉兴', '', '', '', '2018-09-21 22:15:3', '2018-10-18 03:31:23', 1537539339),
(31, '点赞新站route及serviceprovider', '', '1538323200', '1538582400', 'A', '40%', '王运智', '倪广聪', '倪广聪', '无', '2018-10-07 17:03:5', '2018-10-18 03:45:08', 1538903036),
(33, '报表系统前端页面完成80%', '', '1539187200', '1540915200', 'A', '10%', '王运智', '无', '无', '', '2018-10-11 17:06:2', '2018-10-18 03:45:08', 1539248789),
(34, '钉钉报表系统注册登录完成；新支点修改logo', '', '1539187200', '1540915200', 'A', '10%', '王运智', '无', '无', '', '2018-10-12 17:06:3', '2018-10-18 03:45:08', 1539335193),
(35, '三千茶农添加底部统一文字；报表系统实现用户绑定钉钉查看日志', '', '', '', 'A', '', '王运智', '', '', '', '2018-10-13 17:04:3', '2018-10-18 03:45:08', 1539421479),
(36, '报表系统整体', '', '', '', 'A', '', '王运智', '', '', '', '2018-10-13 17:04:3', '2018-10-18 03:45:09', 1539421479),
(37, '获取钉钉日志并导入数据库已完成', '', '', '', 'A', '', '王运智', '', '', '', '2018-10-14 17:12:3', '2018-10-18 03:45:09', 1539508351),
(38, '报表系统区分计划临时任务；下周计划CURD；本周问题CURD；导出报表静态页面', '', '', '', 'A', '', '王运智', '', '', '', '2018-10-15 17:09:3', '2018-10-18 03:45:09', 1539594578),
(39, '报表系统导出周报完成；导入日报bug修改；', '', '', '', 'A', '', '王运智', '', '', '', '2018-10-16 17:03:1', '2018-10-18 03:45:09', 1539680596),
(40, '完善功能页面', '', '', '', 'A', '', '王运智', '', '', '', '2018-10-16 17:03:1', '2018-10-18 03:45:09', 1539680596),
(41, '源动力网络主体下所有域名注销\r\n瓦罐所有域名注销\r\nOuban188.com域名   和 jianbing517.com域名备案资料准备，邮寄企联\r\n设计硬盘 申购单    机柜申购单   \r\n行政电脑打印机连接\r\n北京400电话选号，及资料提交', '', '', '', 'A', '', '曹嘉兴', '', '', '', '2018-09-21 22:15:3', '2018-10-18 03:49:04', 1537539339),
(42, '', '', '', '', 'A', '', '曹嘉兴', '', '', '', '2018-09-21 22:15:3', '2018-10-18 03:49:04', 1537539339),
(43, '', '', '', '', 'A', '', '曹嘉兴', '', '', '', '2018-09-21 22:15:3', '2018-10-18 03:49:04', 1537539339),
(44, '购买三个域名的报销流程\r\nxiahaiqingnian.com    域名备案资料准备', '', '', '', 'A', '', '曹嘉兴', '', '', '', '2018-09-25 08:20:1', '2018-10-18 03:49:05', 1537834819),
(45, '', '', '', '', 'A', '', '曹嘉兴', '', '', '', '2018-09-25 08:20:1', '2018-10-18 03:49:05', 1537834819),
(46, '', '', '', '', 'A', '', '曹嘉兴', '', '', '', '2018-09-25 08:20:1', '2018-10-18 03:49:05', 1537834819),
(47, '源动力网络主体下   10和域名的重新备案到济南源餐主体下     \r\nxiahaiqingnian.com    备案资料准备\r\n锦尚主体400注册资料的准备，\r\n大味道400资料的准备    \r\n阿里云备案服务号   报销\r\n企联邮寄备案资料', '', '', '', 'A', '', '曹嘉兴', '', '', '', '2018-09-26 08:39:1', '2018-10-18 03:49:05', 1537922356),
(48, '', '', '', '', 'A', '', '曹嘉兴', '', '', '', '2018-09-26 08:39:1', '2018-10-18 03:49:05', 1537922356),
(49, '', '', '', '', 'A', '', '曹嘉兴', '', '', '', '2018-09-26 08:39:1', '2018-10-18 03:49:05', 1537922356),
(50, '锦尚400资料盖章   扫描上传\r\n济南源餐资料重新整理上传，\r\n馋虾网站备案资料盖章     \r\n话筒安装大味道400盖章资料上传', '', '', '', 'A', '', '曹嘉兴', '', '', '', '2018-09-27 08:54:3', '2018-10-18 03:49:05', 1538009677),
(51, '', '', '', '', 'A', '', '曹嘉兴', '', '', '', '2018-09-27 08:54:3', '2018-10-18 03:49:05', 1538009677),
(52, '', '', '', '', 'A', '', '曹嘉兴', '', '', '', '2018-09-27 08:54:3', '2018-10-18 03:49:05', 1538009677),
(53, '固话销户\r\n新支点舆情资料打印\r\n监控调试\r\n监控安装报销', '', '', '', 'A', '', '曹嘉兴', '', '', '', '2018-09-29 08:38:0', '2018-10-18 03:49:05', 1538181482),
(54, '', '', '', '', 'A', '', '曹嘉兴', '', '', '', '2018-09-29 08:38:0', '2018-10-18 03:49:05', 1538181482),
(55, '', '', '', '', 'A', '', '曹嘉兴', '', '', '', '2018-09-29 08:38:0', '2018-10-18 03:49:05', 1538181482),
(56, '10月域名续费借款\r\n10月域名续费41个\r\n万网\r\nrangaifangun.com\r\ncyjm01.cn\r\ncyjm02.cn\r\ncyjm03.cn\r\ncyjm04.cn\r\ncyjm05.cn\r\ncyjm06.cn\r\ncyjm07.cn\r\ncyjm08.cn\r\ncyjm09.cn\r\ncyjm10.cn\r\ncyjm16.cn\r\ncyjm17.cn\r\ncyjm18.cn\r\ncyjm19.cn\r\ncyjm20.cn\r\ncyjm21.cn\r\ncyjm22.cn\r\ncyjm23.cn\r\ncyjm24.cn\r\nc', '', '', '', 'A', '', '曹嘉兴', '', '', '', '2018-10-05 17:42:0', '2018-10-18 03:49:05', 1538732522),
(57, '', '', '', '', 'A', '', '曹嘉兴', '', '', '', '2018-10-05 17:42:0', '2018-10-18 03:49:05', 1538732522),
(58, '', '', '', '', 'A', '', '曹嘉兴', '', '', '', '2018-10-05 17:42:0', '2018-10-18 03:49:05', 1538732522),
(60, '', '', '', '', 'A', '', '曹嘉兴', '', '', '', '2018-10-08 17:41:5', '2018-10-18 03:49:05', 1538991715),
(61, '', '', '', '', 'A', '', '曹嘉兴', '', '', '', '2018-10-08 17:41:5', '2018-10-18 03:49:05', 1538991715),
(62, '虾嗨青年备案资料邮寄，网站负责人拍照\r\n通知上个月开通400客户邮寄资料\r\n锦尚400绑定号码更换\r\n文员电脑重装系统\r\n监控安装发票索要', '', '', '', 'A', '', '曹嘉兴', '', '', '', '2018-10-09 22:22:4', '2018-10-18 03:49:05', 1539094962),
(63, '', '', '', '', 'A', '', '曹嘉兴', '', '', '', '2018-10-09 22:22:4', '2018-10-18 03:49:06', 1539094962),
(64, '', '', '', '', 'A', '', '曹嘉兴', '', '', '', '2018-10-09 22:22:4', '2018-10-18 03:49:06', 1539094962),
(65, '域名解析 cyjm10.cn\r\n锦尚400绑定手机号更换\r\n机房布线\r\n济南源餐企联备案域名     网站负责人更换\r\n百度框架合并    资料盖章', '', '', '', 'A', '', '曹嘉兴', '', '', '', '2018-10-11 08:21:0', '2018-10-18 03:49:06', 1539217266),
(66, '', '', '', '', 'A', '', '曹嘉兴', '', '', '', '2018-10-11 08:21:0', '2018-10-18 03:49:06', 1539217266),
(67, '', '', '', '', 'A', '', '曹嘉兴', '', '', '', '2018-10-11 08:21:0', '2018-10-18 03:49:06', 1539217266),
(68, '文员电脑维修\r\n两条宽带的接通  \r\n打印机连接\r\n摄像头连接\r\n源餐企联主体   备案资料准备\r\n财务网   维修', '', '', '', 'A', '', '曹嘉兴', '', '', '', '2018-10-12 08:35:5', '2018-10-18 03:49:06', 1539304551),
(69, '', '', '', '', 'A', '', '曹嘉兴', '', '', '', '2018-10-12 08:35:5', '2018-10-18 03:49:06', 1539304551),
(70, '', '', '', '', 'A', '', '曹嘉兴', '', '', '', '2018-10-12 08:35:5', '2018-10-18 03:49:06', 1539304551),
(71, '1、三千茶农服务器维护，解决网站打不开问题\r\n2、明诚广告单页两个', '', '', '', 'A', '', '张龙', '', '', '', '2018-10-06 08:41:3', '2018-10-18 03:59:43', 1538786496),
(72, '', '', '', '', 'A', '', '张龙', '', '', '', '2018-10-06 08:41:3', '2018-10-18 03:59:43', 1538786496),
(73, '', '', '', '', 'A', '', '张龙', '', '', '', '2018-10-06 08:41:3', '2018-10-18 03:59:43', 1538786496),
(74, '名称广告新做单页11个，修改单页2个。', '', '', '', 'A', '', '张龙', '', '', '', '2018-10-06 17:05:4', '2018-10-18 03:59:43', 1538816749),
(75, '', '', '', '', 'A', '', '张龙', '', '', '', '2018-10-06 17:05:4', '2018-10-18 03:59:43', 1538816749),
(76, '', '', '', '', 'A', '', '张龙', '', '', '', '2018-10-06 17:05:4', '2018-10-18 03:59:43', 1538816749),
(77, '日常服务器维护，解决canyin668官网新闻内容页面无法正常跳转404的问题', '', '', '', 'A', '', '张龙', '', '', '', '2018-10-08 17:37:4', '2018-10-18 03:59:43', 1538991464),
(78, '', '', '', '', 'A', '', '张龙', '', '', '', '2018-10-08 17:37:4', '2018-10-18 03:59:43', 1538991464),
(79, '', '', '', '', 'A', '', '张龙', '', '', '', '2018-10-08 17:37:4', '2018-10-18 03:59:43', 1538991464),
(80, '明诚广告新做单页16个，修改单页2个', '', '', '', 'A', '', '张龙', '', '', '', '2018-10-10 17:29:0', '2018-10-18 03:59:43', 1539163744),
(81, '', '', '', '', 'A', '', '张龙', '', '', '', '2018-10-10 17:29:0', '2018-10-18 03:59:43', 1539163744),
(82, '', '', '', '', 'A', '', '张龙', '', '', '', '2018-10-10 17:29:0', '2018-10-18 03:59:44', 1539163744),
(83, '1、餐所有项目站和单页面（147个）下线双节活动\r\n2、明诚广告单页新增1个修改4个', '', '', '', 'A', '', '张龙', '', '', '', '2018-10-11 17:14:3', '2018-10-18 03:59:44', 1539249274),
(84, '', '', '', '', 'A', '', '张龙', '', '', '', '2018-10-11 17:14:3', '2018-10-18 03:59:44', 1539249274),
(85, '', '', '', '', 'A', '', '张龙', '', '', '', '2018-10-11 17:14:3', '2018-10-18 03:59:44', 1539249274),
(86, '1、修改勾馋麻辣烫新闻内容页面包屑导航不准确的问题\r\n2、明诚广告单页新增8个，修改调整2个', '', '', '', 'A', '', '张龙', '', '', '', '2018-10-12 17:35:0', '2018-10-18 03:59:44', 1539336902),
(87, '', '', '', '', 'A', '', '张龙', '', '', '', '2018-10-12 17:35:0', '2018-10-18 03:59:44', 1539336902),
(88, '', '', '', '', 'A', '', '张龙', '', '', '', '2018-10-12 17:35:0', '2018-10-18 03:59:44', 1539336902),
(89, '1、解决s1baiducyjm10.cn页面打开速度慢的问题\r\n2、蒸美味新闻内容页，上一篇下一篇链接优化', '', '', '', 'A', '', '张龙', '', '', '', '2018-10-15 08:47:3', '2018-10-18 03:59:44', 1539564455),
(90, '', '', '', '', 'A', '', '张龙', '', '', '', '2018-10-15 08:47:3', '2018-10-18 03:59:44', 1539564455),
(91, '', '', '', '', 'A', '', '张龙', '', '', '', '2018-10-15 08:47:3', '2018-10-18 03:59:44', 1539564455),
(92, '1、修复西门炊新闻列表页icon图标无法正常显示的bug\r\n2、明诚广告新做单页8个', '', '', '', 'A', '', '张龙', '', '', '', '2018-10-15 17:35:5', '2018-10-18 03:59:44', 1539596155),
(93, '', '', '', '', 'A', '', '张龙', '', '', '', '2018-10-15 17:35:5', '2018-10-18 03:59:44', 1539596155),
(94, '', '', '', '', 'A', '', '张龙', '', '', '', '2018-10-15 17:35:5', '2018-10-18 03:59:44', 1539596155),
(95, '明诚广告替换底部警示语动态站30个\r\n单页62个添加统一js，其余所有单页通过统一调用代码修改', '', '', '', 'A', '', '张龙', '', '', '', '2018-10-16 22:01:1', '2018-10-18 03:59:44', 1539698476),
(96, '15个动态站未替换完', '', '', '', 'A', '', '张龙', '', '', '', '2018-10-16 22:01:1', '2018-10-18 03:59:44', 1539698476),
(97, '', '', '', '', 'A', '', '张龙', '', '', '', '2018-10-16 22:01:1', '2018-10-18 03:59:45', 1539698476),
(98, '1、明诚广告剩余15个动态站替换完成、2个页面替换内容、1个页面更换53客服\r\n2、新站修改协助上传内容', '', '', '', 'A', '', '张龙', '', '', '', '2018-10-17 17:17:2', '2018-10-18 03:59:45', 1539767847),
(99, '', '', '', '', 'A', '', '张龙', '', '', '', '2018-10-17 17:17:2', '2018-10-18 03:59:45', 1539767847),
(100, '', '', '', '', 'A', '', '张龙', '', '', '', '2018-10-17 17:17:2', '2018-10-18 03:59:45', 1539767847),
(101, '报表系统导出周报完成；导入日报bug修改；', '', '1538323200', '1539792000', 'E', '10%', '王运智', '', '', '', '2018-10-16 17:03:1', '2018-10-18 06:12:59', 1539680596),
(102, '新版餐饮668上线测试；修改里面的内容', '', '1538323200', '1540915200', 'A', '', '王运智', '', '', '', '2018-10-18 08:22:5', '2018-10-18 06:12:59', 1539822172);

-- --------------------------------------------------------

--
-- 表的结构 `plan`
--

CREATE TABLE IF NOT EXISTS `plan` (
  `id` bigint(20) unsigned NOT NULL AUTO_INCREMENT COMMENT '计划id',
  `plan_info` varchar(255) NOT NULL COMMENT '计划任务',
  `complete` varchar(100) DEFAULT NULL COMMENT '完成输出物',
  `start_time` varchar(10) DEFAULT NULL COMMENT '开始时间',
  `end_time` varchar(10) DEFAULT NULL COMMENT '结束时间',
  `priority` varchar(2) NOT NULL COMMENT '优先级',
  `complate` varchar(6) NOT NULL DEFAULT '0%' COMMENT '完成度',
  `charge` varchar(3) NOT NULL COMMENT '负责人',
  `partake` varchar(60) DEFAULT NULL COMMENT '参与人',
  `check` varchar(30) DEFAULT NULL COMMENT '核查人',
  `remark` text COMMENT '问题备注',
  `plan_time` varchar(15) NOT NULL COMMENT '下周时间',
  `create_time` timestamp NOT NULL DEFAULT CURRENT_TIMESTAMP COMMENT '创建时间',
  PRIMARY KEY (`id`)
) ENGINE=InnoDB  DEFAULT CHARSET=utf8mb4 AUTO_INCREMENT=3 ;

--
-- 转存表中的数据 `plan`
--

INSERT INTO `plan` (`id`, `plan_info`, `complete`, `start_time`, `end_time`, `priority`, `complate`, `charge`, `partake`, `check`, `remark`, `plan_time`, `create_time`) VALUES
(1, '配合这个那个的', '\\uploads\\20181018\\bc115e1590926ce8a120e2f013ca7b5b.png', '2018-10-18', '2018-10-31', 'E', '0%', '王运智', '无', '组长', '大', '1540137600', '2018-10-18 03:45:58'),
(2, '配合这个那个的2', NULL, '2018-10-01', '2018-10-31', 'A', '0%', '王运智', '无', '组长', '放大', '1540137600', '2018-10-18 03:46:19');

-- --------------------------------------------------------

--
-- 表的结构 `problem`
--

CREATE TABLE IF NOT EXISTS `problem` (
  `id` int(12) unsigned NOT NULL AUTO_INCREMENT COMMENT '问题id',
  `problem_info` text COMMENT '描述',
  `propose` varchar(6) NOT NULL COMMENT '提出人',
  `person` varchar(6) NOT NULL COMMENT '责任人',
  `solve_time` varchar(30) DEFAULT NULL COMMENT '解决时间期限',
  `work_people` varchar(60) DEFAULT NULL COMMENT '问题参与成员',
  `programme` text NOT NULL,
  `create_time` timestamp NOT NULL DEFAULT CURRENT_TIMESTAMP COMMENT '创建时间',
  `create_times` bigint(20) NOT NULL COMMENT 'unix时间',
  PRIMARY KEY (`id`)
) ENGINE=InnoDB  DEFAULT CHARSET=utf8mb4 AUTO_INCREMENT=2 ;

--
-- 转存表中的数据 `problem`
--

INSERT INTO `problem` (`id`, `problem_info`, `propose`, `person`, `solve_time`, `work_people`, `programme`, `create_time`, `create_times`) VALUES
(1, '数据不是很漂亮', '范德萨', '我去二人', '3小时', '范德萨', '发撒反对撒', '2018-10-18 03:46:47', 1539834407);

-- --------------------------------------------------------

--
-- 表的结构 `tjournal`
--

CREATE TABLE IF NOT EXISTS `tjournal` (
  `id` bigint(20) unsigned NOT NULL AUTO_INCREMENT COMMENT '日志id',
  `title` varchar(255) NOT NULL COMMENT '临时任务',
  `complete` varchar(100) DEFAULT NULL COMMENT '临时输出物',
  `timestart` varchar(10) NOT NULL COMMENT '临时开始时间',
  `timend` varchar(10) NOT NULL COMMENT '临时结束时间',
  `priority` varchar(2) NOT NULL COMMENT '临时优先级',
  `complate` varchar(6) NOT NULL COMMENT '临时完成度',
  `charge` varchar(6) DEFAULT NULL COMMENT '临时负责人',
  `partake` varchar(60) DEFAULT NULL COMMENT '临时参与人',
  `check` varchar(15) DEFAULT NULL COMMENT '临时核查人',
  `remark` text COMMENT '临时问题备注',
  `create_times` varchar(18) NOT NULL COMMENT '钉钉发布时间',
  `create_time` timestamp NOT NULL DEFAULT CURRENT_TIMESTAMP COMMENT '创建时间',
  `unix_time` bigint(20) NOT NULL COMMENT 'unix时间',
  PRIMARY KEY (`id`)
) ENGINE=InnoDB  DEFAULT CHARSET=utf8mb4 AUTO_INCREMENT=8 ;

--
-- 转存表中的数据 `tjournal`
--

INSERT INTO `tjournal` (`id`, `title`, `complete`, `timestart`, `timend`, `priority`, `complate`, `charge`, `partake`, `check`, `remark`, `create_times`, `create_time`, `unix_time`) VALUES
(1, '明程广告ocpc新开账号传输工作', '', '1538496000', '1538668800', 'E', '10%', '王运智', '无', '无', '无', '2018-10-07 17:03:5', '2018-10-18 03:45:08', 1538903036),
(2, '新支点两个网站的图片导出；明程广告百度ocpc完成50%', '', '1538668800', '1538841600', 'E', '100%', '王运智', '无', '无', '', '2018-10-08 17:08:0', '2018-10-18 03:45:08', 1538989686),
(3, '百度ocpc', '', '1538496000', '1538668800', 'E', '100%', '王运智', '', '', '', '2018-10-08 17:08:0', '2018-10-18 03:45:08', 1538989686),
(4, '明程广告百度ocpc完成；柠檬工坊分页静态页调整完成', '', '1538496000', '1538668800', 'E', '100%', '王运智', '', '', '', '2018-10-09 17:17:2', '2018-10-18 03:45:08', 1539076646),
(5, '配合媛姐拿到钉钉企业账号密码', '', '1539273600', '1539273600', 'A', '100%', '王运智', '无', '无', '', '2018-10-12 17:06:3', '2018-10-18 03:45:08', 1539335193),
(6, '完善功能页面', '', '1539792000', '1540915200', 'B', '100%', '王运智', '', '', '', '2018-10-16 17:03:1', '2018-10-18 06:12:59', 1539680596),
(7, '报表系统', '', '1539792000', '1540915200', 'A', '40%', '王运智', '范德萨', '范德萨', '', '2018-10-18 08:22:5', '2018-10-18 06:12:59', 1539822172);

-- --------------------------------------------------------

--
-- 表的结构 `user`
--

CREATE TABLE IF NOT EXISTS `user` (
  `id` int(12) unsigned NOT NULL AUTO_INCREMENT COMMENT '用户id',
  `username` varchar(16) NOT NULL COMMENT '用户名',
  `password` varchar(150) NOT NULL COMMENT '密码',
  `user_img` varchar(255) DEFAULT NULL COMMENT '用户头像',
  `union_id` varchar(100) NOT NULL COMMENT '用户unionid',
  `persistent_code` varchar(100) NOT NULL COMMENT '钉永久授权码',
  `open_id` varchar(100) NOT NULL COMMENT '钉oppenid',
  `user_id` varchar(100) NOT NULL COMMENT '钉user_id',
  `ding_nick` varchar(12) NOT NULL COMMENT '钉用户昵称',
  `supe_id` int(1) DEFAULT NULL COMMENT '钉上级id',
  `create_time` timestamp NOT NULL DEFAULT CURRENT_TIMESTAMP COMMENT '创建时间',
  PRIMARY KEY (`id`)
) ENGINE=InnoDB  DEFAULT CHARSET=utf8mb4 COMMENT='用户表' AUTO_INCREMENT=4 ;

--
-- 转存表中的数据 `user`
--

INSERT INTO `user` (`id`, `username`, `password`, `user_img`, `union_id`, `persistent_code`, `open_id`, `user_id`, `ding_nick`, `supe_id`, `create_time`) VALUES
(1, '王运智', 'e10adc3949ba59abbe56e057f20f883e', '\\uploads\\20181018\\30349e802df2da3bf984b453fdaa40fb.png', 'DNQuY9bB5dTQS7YKX8jCSgiEiE', '4wIvDSUh4xkwxXnzXu9gEPLhQ1H0ITqnhbA9y8aZZJNfArFVLDUfbYLGLZjYZwIt', '4SzD1Wwza9iSgI9Y8UUNFNQiEiE', '166219220529592949', '小智', NULL, '2018-10-18 03:29:02'),
(2, '1231234', 'e10adc3949ba59abbe56e057f20f883e', NULL, '2dWfZZbfIZDxWHjNzUXsbQiEiE', '5X7BaMWTwsA31pR23zwtEqoynJNLgGuulmsYB_gOFaXUOsTQIagL7YHu1Cmwxvk2', 'NU4mNyiSghjf6PmTqZZEEKgiEiE', '085503353626036548', '曹嘉兴', NULL, '2018-10-18 03:29:29'),
(3, 'long', '0bc651ef7626a7868da4cbfdbe70f96f', NULL, '5jP0iismdyX2QotnLiPC6g6giEiE', 'VoUP_-pDfwlZpBBAzklCjak-4IIVyoEyczlBOt7oNnSqtsauImtmk-ELLDQsrnTY', 'ePTAe5D0cjx6viP0MSCbupAiEiE', '1818144444795769', '张龙', NULL, '2018-10-18 03:54:48');

-- --------------------------------------------------------

--
-- 表的结构 `user_pjournal`
--

CREATE TABLE IF NOT EXISTS `user_pjournal` (
  `id` int(12) unsigned NOT NULL AUTO_INCREMENT COMMENT 'id',
  `user_id` int(12) NOT NULL COMMENT '用户id',
  `pjournal_id` int(12) NOT NULL COMMENT '日志id',
  `create_time` timestamp NOT NULL DEFAULT CURRENT_TIMESTAMP COMMENT '创建时间',
  PRIMARY KEY (`id`)
) ENGINE=InnoDB  DEFAULT CHARSET=utf8mb4 AUTO_INCREMENT=103 ;

--
-- 转存表中的数据 `user_pjournal`
--

INSERT INTO `user_pjournal` (`id`, `user_id`, `pjournal_id`, `create_time`) VALUES
(1, 2, 1, '2018-10-18 03:31:21'),
(2, 2, 2, '2018-10-18 03:31:21'),
(3, 2, 3, '2018-10-18 03:31:21'),
(4, 2, 4, '2018-10-18 03:31:21'),
(5, 2, 5, '2018-10-18 03:31:21'),
(6, 2, 6, '2018-10-18 03:31:21'),
(7, 2, 7, '2018-10-18 03:31:21'),
(8, 2, 8, '2018-10-18 03:31:21'),
(9, 2, 9, '2018-10-18 03:31:22'),
(10, 2, 10, '2018-10-18 03:31:22'),
(11, 2, 11, '2018-10-18 03:31:22'),
(12, 2, 12, '2018-10-18 03:31:22'),
(13, 2, 13, '2018-10-18 03:31:22'),
(14, 2, 14, '2018-10-18 03:31:22'),
(15, 2, 15, '2018-10-18 03:31:22'),
(16, 2, 16, '2018-10-18 03:31:22'),
(17, 2, 17, '2018-10-18 03:31:22'),
(18, 2, 18, '2018-10-18 03:31:22'),
(19, 2, 19, '2018-10-18 03:31:22'),
(20, 2, 20, '2018-10-18 03:31:22'),
(21, 2, 21, '2018-10-18 03:31:22'),
(22, 2, 22, '2018-10-18 03:31:22'),
(23, 2, 23, '2018-10-18 03:31:22'),
(24, 2, 24, '2018-10-18 03:31:22'),
(25, 2, 25, '2018-10-18 03:31:22'),
(26, 2, 26, '2018-10-18 03:31:22'),
(27, 2, 27, '2018-10-18 03:31:22'),
(29, 2, 29, '2018-10-18 03:31:23'),
(30, 2, 30, '2018-10-18 03:31:23'),
(31, 1, 31, '2018-10-18 03:45:08'),
(33, 1, 33, '2018-10-18 03:45:08'),
(34, 1, 34, '2018-10-18 03:45:08'),
(35, 1, 35, '2018-10-18 03:45:08'),
(36, 1, 36, '2018-10-18 03:45:09'),
(37, 1, 37, '2018-10-18 03:45:09'),
(38, 1, 38, '2018-10-18 03:45:09'),
(39, 1, 39, '2018-10-18 03:45:09'),
(40, 1, 40, '2018-10-18 03:45:09'),
(41, 2, 41, '2018-10-18 03:49:04'),
(42, 2, 42, '2018-10-18 03:49:04'),
(43, 2, 43, '2018-10-18 03:49:05'),
(44, 2, 44, '2018-10-18 03:49:05'),
(45, 2, 45, '2018-10-18 03:49:05'),
(46, 2, 46, '2018-10-18 03:49:05'),
(47, 2, 47, '2018-10-18 03:49:05'),
(48, 2, 48, '2018-10-18 03:49:05'),
(49, 2, 49, '2018-10-18 03:49:05'),
(50, 2, 50, '2018-10-18 03:49:05'),
(51, 2, 51, '2018-10-18 03:49:05'),
(52, 2, 52, '2018-10-18 03:49:05'),
(53, 2, 53, '2018-10-18 03:49:05'),
(54, 2, 54, '2018-10-18 03:49:05'),
(55, 2, 55, '2018-10-18 03:49:05'),
(56, 2, 56, '2018-10-18 03:49:05'),
(57, 2, 57, '2018-10-18 03:49:05'),
(58, 2, 58, '2018-10-18 03:49:05'),
(60, 2, 60, '2018-10-18 03:49:05'),
(61, 2, 61, '2018-10-18 03:49:05'),
(62, 2, 62, '2018-10-18 03:49:06'),
(63, 2, 63, '2018-10-18 03:49:06'),
(64, 2, 64, '2018-10-18 03:49:06'),
(65, 2, 65, '2018-10-18 03:49:06'),
(66, 2, 66, '2018-10-18 03:49:06'),
(67, 2, 67, '2018-10-18 03:49:06'),
(68, 2, 68, '2018-10-18 03:49:06'),
(69, 2, 69, '2018-10-18 03:49:06'),
(70, 2, 70, '2018-10-18 03:49:06'),
(71, 3, 71, '2018-10-18 03:59:43'),
(72, 3, 72, '2018-10-18 03:59:43'),
(73, 3, 73, '2018-10-18 03:59:43'),
(74, 3, 74, '2018-10-18 03:59:43'),
(75, 3, 75, '2018-10-18 03:59:43'),
(76, 3, 76, '2018-10-18 03:59:43'),
(77, 3, 77, '2018-10-18 03:59:43'),
(78, 3, 78, '2018-10-18 03:59:43'),
(79, 3, 79, '2018-10-18 03:59:43'),
(80, 3, 80, '2018-10-18 03:59:43'),
(81, 3, 81, '2018-10-18 03:59:43'),
(82, 3, 82, '2018-10-18 03:59:44'),
(83, 3, 83, '2018-10-18 03:59:44'),
(84, 3, 84, '2018-10-18 03:59:44'),
(85, 3, 85, '2018-10-18 03:59:44'),
(86, 3, 86, '2018-10-18 03:59:44'),
(87, 3, 87, '2018-10-18 03:59:44'),
(88, 3, 88, '2018-10-18 03:59:44'),
(89, 3, 89, '2018-10-18 03:59:44'),
(90, 3, 90, '2018-10-18 03:59:44'),
(91, 3, 91, '2018-10-18 03:59:44'),
(92, 3, 92, '2018-10-18 03:59:44'),
(93, 3, 93, '2018-10-18 03:59:44'),
(94, 3, 94, '2018-10-18 03:59:44'),
(95, 3, 95, '2018-10-18 03:59:44'),
(96, 3, 96, '2018-10-18 03:59:44'),
(97, 3, 97, '2018-10-18 03:59:45'),
(98, 3, 98, '2018-10-18 03:59:45'),
(99, 3, 99, '2018-10-18 03:59:45'),
(100, 3, 100, '2018-10-18 03:59:45'),
(101, 1, 101, '2018-10-18 06:12:59'),
(102, 1, 102, '2018-10-18 06:12:59');

-- --------------------------------------------------------

--
-- 表的结构 `user_plan`
--

CREATE TABLE IF NOT EXISTS `user_plan` (
  `id` int(12) unsigned NOT NULL AUTO_INCREMENT COMMENT 'id',
  `user_id` int(12) NOT NULL COMMENT '用户id',
  `plan_id` int(12) NOT NULL COMMENT '计划id',
  `create_time` timestamp NOT NULL DEFAULT CURRENT_TIMESTAMP COMMENT '创建时间',
  PRIMARY KEY (`id`)
) ENGINE=InnoDB  DEFAULT CHARSET=utf8mb4 AUTO_INCREMENT=3 ;

--
-- 转存表中的数据 `user_plan`
--

INSERT INTO `user_plan` (`id`, `user_id`, `plan_id`, `create_time`) VALUES
(1, 1, 1, '2018-10-18 03:45:58'),
(2, 1, 2, '2018-10-18 03:46:19');

-- --------------------------------------------------------

--
-- 表的结构 `user_problem`
--

CREATE TABLE IF NOT EXISTS `user_problem` (
  `id` int(12) unsigned NOT NULL AUTO_INCREMENT COMMENT 'id',
  `user_id` int(12) NOT NULL COMMENT '用户id',
  `problem_id` int(12) NOT NULL COMMENT '问题id',
  `create_time` timestamp NOT NULL DEFAULT CURRENT_TIMESTAMP COMMENT '创建时间',
  PRIMARY KEY (`id`)
) ENGINE=InnoDB  DEFAULT CHARSET=utf8mb4 AUTO_INCREMENT=2 ;

--
-- 转存表中的数据 `user_problem`
--

INSERT INTO `user_problem` (`id`, `user_id`, `problem_id`, `create_time`) VALUES
(1, 1, 1, '2018-10-18 03:46:47');

-- --------------------------------------------------------

--
-- 表的结构 `user_tjournal`
--

CREATE TABLE IF NOT EXISTS `user_tjournal` (
  `id` int(12) unsigned NOT NULL AUTO_INCREMENT COMMENT 'id',
  `user_id` int(12) NOT NULL COMMENT '用户id',
  `tjournal_id` int(12) NOT NULL COMMENT '日志id',
  `create_time` timestamp NOT NULL DEFAULT CURRENT_TIMESTAMP COMMENT '创建时间',
  PRIMARY KEY (`id`)
) ENGINE=InnoDB  DEFAULT CHARSET=utf8mb4 AUTO_INCREMENT=8 ;

--
-- 转存表中的数据 `user_tjournal`
--

INSERT INTO `user_tjournal` (`id`, `user_id`, `tjournal_id`, `create_time`) VALUES
(1, 1, 1, '2018-10-18 03:45:08'),
(2, 1, 2, '2018-10-18 03:45:08'),
(3, 1, 3, '2018-10-18 03:45:08'),
(4, 1, 4, '2018-10-18 03:45:08'),
(5, 1, 5, '2018-10-18 03:45:08'),
(6, 1, 6, '2018-10-18 06:12:59'),
(7, 1, 7, '2018-10-18 06:12:59');

/*!40101 SET CHARACTER_SET_CLIENT=@OLD_CHARACTER_SET_CLIENT */;
/*!40101 SET CHARACTER_SET_RESULTS=@OLD_CHARACTER_SET_RESULTS */;
/*!40101 SET COLLATION_CONNECTION=@OLD_COLLATION_CONNECTION */;
